Results,EUR/USD Close,EUR/USD High,EUR/USD Low,USD/JPY Close,USD/JPY High,USD/JPY Low,USD/CHF Close,USD/CHF High,USD/CHF Low,GBP/USD Close,GBP/USD High,GBP/USD Low,USD/CAD Close,USD/CAD High,USD/CAD Low,EUR/GBP Close,EUR/GBP High,EUR/GBP Low,EUR/JPY Close,EUR/JPY High,EUR/JPY Low,EUR/CHF Close,EUR/CHF High,EUR/CHF Low,AUD/USD Close,AUD/USD High,AUD/USD Low,GBP/JPY Close,GBP/JPY High,GBP/JPY Low,CHF/JPY Close,CHF/JPY High,CHF/JPY Low,GBP/CHF Close,GBP/CHF High,GBP/CHF Low,NZD/USD Close,NZD/USD High,NZD/USD Low
Average,  1.101,  1.106,  1.097,108.933,109.400,108.341,  0.968,  0.972,  0.964,  1.274,  1.283,  1.268,  1.351,  1.356,  1.345,  0.864,  0.869,  0.860,119.873,120.448,119.305,  1.066,  1.069,  1.064,  0.653,  0.658,  0.649,138.809,139.755,137.976,112.449,112.935,111.968,  1.234,  1.241,  1.228,  0.630,  0.635,  0.627
Minimum,   1.064,   1.081,   1.064, 102.220, 104.590, 101.210,   0.924,   0.934,   0.919,   1.151,   1.171,   1.141,   1.296,   1.299,   1.295,   0.831,   0.834,   0.828, 116.780, 117.380, 115.950,   1.053,   1.056,   1.051,   0.577,   0.584,   0.551, 125.100, 129.530, 124.190, 110.530, 111.210, 109.280,   1.123,   1.152,   1.112,   0.570,   0.574,   0.547
Maximum,   1.145,   1.149,   1.134, 112.050, 112.220, 111.490,   0.989,   0.990,   0.983,   1.320,   1.327,   1.311,   1.454,   1.467,   1.442,   0.938,   0.950,   0.915, 122.620, 122.870, 122.500,   1.086,   1.088,   1.084,   0.698,   0.702,   0.698, 144.850, 144.970, 143.730, 114.150, 114.380, 113.930,   1.279,   1.284,   1.276,   0.669,   0.674,   0.669
Std,   0.016,   0.016,   0.016,   1.745,   1.510,   1.997,   0.012,   0.011,   0.014,   0.044,   0.039,   0.048,   0.047,   0.051,   0.042,   0.027,   0.030,   0.024,   1.440,   1.245,   1.619,   0.009,   0.008,   0.009,   0.034,   0.031,   0.037,   5.161,   4.688,   5.575,   0.835,   0.737,   0.912,   0.043,   0.040,   0.047,   0.028,   0.026,   0.031
# In Calc, 71, 71, 71, 71, 71, 71, 71, 71, 71, 71, 71, 71, 71, 71, 71, 71, 71, 71, 71, 71, 71, 71, 71, 71, 71, 71, 71, 71, 71, 71, 71, 71, 71, 71, 71, 71, 71, 71, 71

Date,EUR/USD Close,EUR/USD High,EUR/USD Low,USD/JPY Close,USD/JPY High,USD/JPY Low,USD/CHF Close,USD/CHF High,USD/CHF Low,GBP/USD Close,GBP/USD High,GBP/USD Low,USD/CAD Close,USD/CAD High,USD/CAD Low,EUR/GBP Close,EUR/GBP High,EUR/GBP Low,EUR/JPY Close,EUR/JPY High,EUR/JPY Low,EUR/CHF Close,EUR/CHF High,EUR/CHF Low,AUD/USD Close,AUD/USD High,AUD/USD Low,GBP/JPY Close,GBP/JPY High,GBP/JPY Low,CHF/JPY Close,CHF/JPY High,CHF/JPY Low,GBP/CHF Close,GBP/CHF High,GBP/CHF Low,NZD/USD Close,NZD/USD High,NZD/USD Low
2020-01-02,1.1165,1.1225,1.1164,108.54,108.87,108.22,0.9725,0.9733,0.9669,1.313,1.3266,1.3115,1.2985,1.3009,1.2969,0.85,0.8515,0.8459,121.18,122.02,120.99,1.0857,1.0879,1.0838,0.698,0.702,0.6979,142.53,144.19,142.28,111.59,112.4,111.51,1.277,1.2844,1.2749,0.6691,0.6739,0.6685
2020-01-03,1.1165,1.1181,1.1125,108.02,108.64,107.83,0.9719,0.9745,0.9688,1.3076,1.3161,1.3055,1.2994,1.3005,1.2959,0.8537,0.8544,0.8459,120.58,121.38,120.16,1.0849,1.0865,1.0825,0.6956,0.6999,0.693,141.27,142.8,141.01,111.13,111.83,110.91,1.2709,1.2781,1.2685,0.6668,0.6706,0.6644
2020-01-06,1.119,1.1206,1.1156,108.43,108.51,107.77,0.9686,0.9719,0.9677,1.3161,1.3175,1.3065,1.2961,1.2991,1.2958,0.8502,0.8546,0.8492,121.34,121.41,120.28,1.0841,1.0862,1.0828,0.6935,0.6959,0.6925,142.72,142.8,140.85,111.92,111.99,110.95,1.2748,1.2765,1.2687,0.6666,0.6681,0.6645
2020-01-07,1.1141,1.1198,1.1134,108.52,108.63,108.27,0.9711,0.9731,0.9679,1.3119,1.3212,1.3095,1.3003,1.303,1.2954,0.849,0.8527,0.8466,120.9,121.46,120.78,1.0819,1.0862,1.081,0.6865,0.6944,0.686,142.37,143.29,142.02,111.7,112,111.52,1.274,1.2802,1.2723,0.6638,0.668,0.6625
2020-01-08,1.111,1.1169,1.1108,109.15,109.25,107.65,0.9732,0.9741,0.9665,1.3101,1.317,1.3081,1.3022,1.3044,1.2974,0.848,0.8517,0.8455,121.28,121.39,120.18,1.0813,1.083,1.0782,0.687,0.6886,0.6849,143,143.12,141.12,112.13,112.2,111.33,1.2752,1.2786,1.2671,0.665,0.6673,0.6618
2020-01-09,1.1106,1.1121,1.1093,109.5,109.59,109.02,0.9731,0.9748,0.9711,1.3064,1.3125,1.3014,1.3066,1.3105,1.3024,0.8501,0.8533,0.8471,121.61,121.7,121.12,1.0806,1.0834,1.0794,0.6851,0.6881,0.685,143.05,143.46,142.42,112.5,112.71,111.99,1.2713,1.2787,1.267,0.6611,0.6659,0.66
2020-01-10,1.112,1.113,1.1086,109.51,109.7,109.44,0.9725,0.9763,0.972,1.3055,1.3097,1.3044,1.3055,1.3076,1.3027,0.8513,0.852,0.848,121.75,121.84,121.53,1.0813,1.0831,1.0804,0.6905,0.6912,0.6851,142.97,143.5,142.89,112.57,112.67,112.3,1.2697,1.2767,1.2695,0.6638,0.6646,0.6602
2020-01-13,1.1138,1.1147,1.1113,109.91,109.95,109.51,0.9703,0.9738,0.9695,1.2998,1.3045,1.2962,1.3045,1.3068,1.3032,0.8569,0.8583,0.8522,122.41,122.49,121.73,1.0807,1.0834,1.0797,0.6907,0.692,0.6895,142.85,142.97,142.38,113.25,113.35,112.51,1.2612,1.2701,1.2586,0.6635,0.6653,0.6621
2020-01-14,1.1129,1.1145,1.1105,110,110.21,109.86,0.9673,0.9715,0.9666,1.3029,1.3034,1.2955,1.3053,1.308,1.3045,0.8538,0.8598,0.854,122.42,122.75,122.19,1.0764,1.0822,1.0759,0.6903,0.691,0.6885,143.33,143.45,142.46,113.68,113.82,113.18,1.2604,1.2627,1.2552,0.6617,0.6635,0.6604
2020-01-15,1.1149,1.1164,1.1119,109.89,110.02,109.79,0.9636,0.9681,0.963,1.3024,1.3043,1.2987,1.3041,1.3079,1.3033,0.8558,0.8578,0.8538,122.53,122.73,122.2,1.0743,1.0778,1.0741,0.6902,0.6917,0.6877,143.11,143.4,142.69,114.04,114.18,113.53,1.2548,1.2616,1.2529,0.6605,0.6621,0.6585
2020-01-16,1.1134,1.1173,1.1128,110.12,110.19,109.86,0.9647,0.9653,0.9613,1.3066,1.3084,1.3026,1.3045,1.3057,1.303,0.852,0.8561,0.8509,122.62,122.87,122.5,1.0741,1.0761,1.0733,0.6894,0.6934,0.6888,143.92,144.14,143.24,114.11,114.38,113.93,1.2607,1.2627,1.255,0.6635,0.6666,0.6616
2020-01-17,1.1089,1.1143,1.1086,110.11,110.29,110.05,0.9677,0.9696,0.9645,1.3016,1.3118,1.3016,1.3064,1.3076,1.3032,0.852,0.8532,0.8488,122.12,122.84,122.13,1.0735,1.0758,1.0734,0.6877,0.6912,0.6872,143.33,144.53,143.34,113.76,114.3,113.63,1.2594,1.2663,1.2588,0.6616,0.6651,0.6607
2020-01-20,1.1082,1.1103,1.1077,110.17,110.23,110.09,0.9687,0.97,0.9676,1.2997,1.301,1.2965,1.3048,1.3073,1.3042,0.8525,0.8554,0.8521,122.09,122.32,122.04,1.0736,1.0751,1.0732,0.6868,0.6889,0.6855,143.2,143.38,142.82,113.68,113.88,113.58,1.2594,1.2606,1.2555,0.6601,0.6625,0.6593
2020-01-21,1.1092,1.1119,1.1086,109.83,110.23,109.77,0.9682,0.969,0.9661,1.3047,1.3084,1.2996,1.3071,1.3078,1.3042,0.85,0.8536,0.8494,121.79,122.38,121.76,1.0737,1.0752,1.073,0.6845,0.6881,0.6843,143.25,143.98,142.88,113.4,113.9,113.36,1.2631,1.2648,1.2572,0.6595,0.6616,0.6588
2020-01-22,1.1092,1.1099,1.1071,109.88,110.1,109.83,0.9683,0.9728,0.9683,1.3132,1.3153,1.3036,1.3143,1.3153,1.3034,0.8446,0.8501,0.8424,121.88,122.02,121.62,1.074,1.0788,1.0734,0.6839,0.6857,0.6827,144.27,144.61,143.28,113.44,113.51,113.03,1.2711,1.2759,1.2635,0.6592,0.6611,0.6582
2020-01-23,1.1055,1.1109,1.1037,109.49,109.87,109.27,0.9693,0.9705,0.9669,1.3119,1.3152,1.3097,1.3128,1.3172,1.3122,0.8425,0.8457,0.8417,121.01,121.89,120.64,1.0716,1.0748,1.0701,0.6842,0.6879,0.683,143.6,144.44,143.22,112.9,113.53,112.71,1.2715,1.2736,1.2681,0.6598,0.661,0.6581
2020-01-24,1.103,1.1061,1.102,109.2,109.66,109.18,0.9704,0.972,0.9686,1.3076,1.3165,1.3057,1.3145,1.3153,1.3119,0.8433,0.8445,0.8391,120.46,121.26,120.42,1.0704,1.0724,1.07,0.682,0.6858,0.6818,142.8,144.39,142.72,112.51,113.09,112.48,1.2691,1.2777,1.2674,0.6607,0.663,0.6599
2020-01-27,1.1015,1.1038,1.101,108.92,109.14,108.74,0.9696,0.972,0.9682,1.3047,1.3104,1.3041,1.3181,1.32,1.3148,0.844,0.845,0.8409,120,120.4,119.91,1.0678,1.0718,1.0676,0.6758,0.682,0.6753,142.12,142.74,142.08,112.34,112.58,112.08,1.2652,1.2724,1.2648,0.6545,0.6597,0.6544
2020-01-28,1.1014,1.1026,1.0998,109.13,109.21,108.77,0.973,0.9743,0.9679,1.3005,1.3066,1.2976,1.317,1.3206,1.3164,0.8467,0.8479,0.8435,120.2,120.26,119.81,1.0719,1.0725,1.0665,0.6751,0.6766,0.6737,141.92,142.47,141.49,112.11,112.43,111.99,1.2654,1.2681,1.2596,0.6531,0.6551,0.6522
2020-01-29,1.101,1.1028,1.0993,109.06,109.27,108.98,0.9736,0.9767,0.9726,1.3013,1.3031,1.299,1.3196,1.321,1.3153,0.8459,0.8468,0.8447,120.06,120.44,119.89,1.0719,1.0739,1.071,0.6754,0.6778,0.6736,141.93,142.36,141.72,111.97,112.32,111.74,1.2669,1.27,1.2658,0.6527,0.6555,0.6507
2020-01-30,1.1029,1.104,1.1007,108.79,109.07,108.59,0.9695,0.9741,0.968,1.3081,1.3111,1.2978,1.3209,1.3227,1.3191,0.8429,0.8489,0.8412,119.98,120.13,119.79,1.0692,1.0727,1.0681,0.6712,0.6756,0.67,142.32,142.71,141.26,112.16,112.39,111.93,1.2682,1.2713,1.2595,0.6482,0.6531,0.6481
2020-01-31,1.1087,1.1091,1.1017,108.38,109.14,108.33,0.9635,0.9714,0.9631,1.3198,1.3205,1.3085,1.3231,1.3254,1.3193,0.8399,0.8433,0.8387,120.18,120.41,120.03,1.0683,1.0707,1.0676,0.6694,0.6729,0.6683,143.05,143.3,142.46,112.45,112.71,112.25,1.2715,1.2759,1.2684,0.6465,0.6496,0.6454
2020-02-03,1.1063,1.1095,1.1037,108.63,108.81,108.32,0.9655,0.967,0.963,1.2991,1.3184,1.2983,1.3299,1.3303,1.323,0.8512,0.8519,0.8408,120.17,120.38,119.92,1.0681,1.0694,1.0661,0.6688,0.6708,0.6684,141.12,143.12,141.08,112.45,112.69,112.38,1.2547,1.2716,1.2544,0.6463,0.6477,0.6454
2020-02-04,1.1042,1.1064,1.1033,109.47,109.53,108.55,0.9696,0.9706,0.9657,1.3039,1.3046,1.2941,1.3275,1.3302,1.3262,0.8466,0.8538,0.8464,120.85,120.92,120.07,1.0704,1.0718,1.0681,0.6734,0.674,0.6679,142.74,142.85,140.94,112.89,112.98,112.34,1.2643,1.265,1.2532,0.6483,0.649,0.645
2020-02-05,1.0993,1.1048,1.0994,109.8,109.85,109.31,0.9737,0.9748,0.9678,1.2988,1.3071,1.2957,1.3293,1.3303,1.326,0.8463,0.8492,0.8434,120.7,121.16,120.66,1.0702,1.0729,1.069,0.6743,0.6775,0.6724,142.63,143.39,142.24,112.73,113.1,112.65,1.2647,1.271,1.2602,0.6474,0.6504,0.6469
2020-02-06,1.0973,1.1014,1.0965,109.97,110.01,109.73,0.9753,0.9757,0.9732,1.2922,1.3004,1.2923,1.3287,1.3309,1.3268,0.849,0.8495,0.8458,120.68,121.03,120.57,1.0698,1.0726,1.0694,0.6731,0.6765,0.673,142.14,142.83,142.1,112.74,112.92,112.66,1.2603,1.2666,1.26,0.6459,0.6485,0.6454
2020-02-07,1.0944,1.0986,1.0942,109.72,110.03,109.54,0.9772,0.9783,0.9739,1.2891,1.296,1.2891,1.3297,1.332,1.3278,0.8491,0.8496,0.8462,120.1,120.82,120.08,1.0696,1.0713,1.068,0.6675,0.6736,0.6662,141.43,142.37,141.45,112.26,112.88,112.26,1.2597,1.2644,1.2593,0.6398,0.6464,0.6399
2020-02-10,1.0914,1.0958,1.0909,109.66,109.88,109.57,0.9767,0.9784,0.9763,1.2919,1.2947,1.2873,1.3315,1.333,1.3288,0.8447,0.8505,0.8443,119.69,120.34,119.66,1.0661,1.0714,1.0659,0.6678,0.6708,0.6667,141.68,142.09,141.24,112.24,112.41,112.17,1.2617,1.2653,1.2583,0.6386,0.6418,0.6382
2020-02-11,1.092,1.0925,1.0892,109.77,109.97,109.74,0.9755,0.9789,0.9751,1.2962,1.2968,1.2895,1.3291,1.3321,1.3274,0.8421,0.8459,0.842,119.87,120.03,119.6,1.0651,1.0681,1.0648,0.6713,0.6737,0.6683,142.29,142.49,141.69,112.49,112.61,112.14,1.2646,1.2679,1.2607,0.6402,0.6422,0.6378
2020-02-12,1.0867,1.0926,1.0865,110.07,110.14,109.77,0.9782,0.9785,0.9741,1.2961,1.2992,1.295,1.325,1.3296,1.3235,0.8381,0.8433,0.8382,119.61,120.31,119.62,1.0629,1.0665,1.063,0.6733,0.6751,0.6712,142.66,142.9,142.18,112.5,112.92,112.47,1.2677,1.2685,1.2635,0.6459,0.6488,0.6401
2020-02-13,1.0841,1.0889,1.0835,109.79,110.11,109.62,0.9787,0.9795,0.9761,1.3051,1.307,1.2945,1.3257,1.3272,1.3238,0.8305,0.8401,0.8296,119.03,119.74,118.88,1.0612,1.0642,1.0608,0.6724,0.6746,0.6708,143.3,143.48,142.16,112.12,112.57,112.03,1.2774,1.2793,1.265,0.644,0.6468,0.6427
2020-02-14,1.0842,1.0862,1.0828,109.71,109.91,109.7,0.981,0.9823,0.9789,1.3037,1.3064,1.3002,1.3241,1.327,1.3233,0.8315,0.8344,0.8299,118.95,119.23,118.89,1.0636,1.0652,1.0608,0.6708,0.6732,0.671,143.03,143.41,142.76,111.79,112.2,111.74,1.2788,1.2808,1.2755,0.6431,0.6445,0.6423
2020-02-17,1.083,1.0851,1.0829,109.93,109.96,109.72,0.9808,0.9828,0.9809,1.3006,1.3054,1.3003,1.3233,1.3252,1.3225,0.8324,0.8336,0.8303,119.05,119.21,118.91,1.0623,1.0652,1.0626,0.6717,0.6734,0.6713,143,143.38,142.87,112.02,112.08,111.75,1.2759,1.2821,1.2761,0.6437,0.6448,0.6421
2020-02-18,1.0797,1.0838,1.0786,109.84,109.95,109.66,0.9826,0.9841,0.9797,1.2996,1.3049,1.2971,1.325,1.3279,1.3232,0.8307,0.8349,0.8283,118.59,119.1,118.47,1.0607,1.0631,1.061,0.6686,0.6734,0.6674,142.76,143.24,142.33,111.75,112.05,111.63,1.2769,1.2821,1.272,0.6383,0.6443,0.6382
2020-02-19,1.0796,1.0808,1.0782,111.45,111.49,109.86,0.984,0.9845,0.9825,1.2914,1.3024,1.2907,1.323,1.3262,1.3213,0.8359,0.8364,0.8295,120.35,120.37,118.56,1.0625,1.0631,1.0607,0.6673,0.6708,0.6665,143.91,144.01,142.8,113.23,113.28,111.71,1.2705,1.2811,1.2702,0.6375,0.6412,0.6371
2020-02-20,1.079,1.0821,1.0778,112.05,112.22,111.12,0.9838,0.9849,0.9816,1.2886,1.2929,1.285,1.3254,1.3269,1.3209,0.8374,0.8416,0.8358,120.9,121.39,120.1,1.0619,1.0638,1.0605,0.6618,0.6696,0.661,144.39,144.6,143.6,113.85,114.25,113.03,1.2679,1.272,1.2626,0.6335,0.6395,0.6325
2020-02-21,1.0855,1.0864,1.0784,111.62,112.19,111.49,0.9777,0.9846,0.9771,1.2977,1.2981,1.2879,1.3203,1.3269,1.32,0.8363,0.8386,0.8344,121.17,121.36,120.36,1.0612,1.0626,1.0606,0.663,0.664,0.6586,144.85,144.97,143.73,114.15,114.28,113.45,1.2688,1.2716,1.2656,0.6354,0.6357,0.6304
2020-02-24,1.0852,1.0872,1.0806,110.66,111.69,110.34,0.9784,0.9816,0.9765,1.2916,1.2956,1.2887,1.3286,1.3308,1.3245,0.8401,0.8409,0.8344,120.1,121.08,119.9,1.0619,1.0625,1.0588,0.6603,0.662,0.6587,142.94,144.63,142.64,113.06,114.09,112.87,1.2639,1.2712,1.2619,0.6339,0.6357,0.6303
2020-02-25,1.0879,1.0883,1.083,110.02,111.05,109.9,0.9754,0.9806,0.9751,1.3005,1.3019,1.2915,1.3271,1.3306,1.3269,0.8365,0.8403,0.8339,119.68,120.54,119.43,1.0614,1.0638,1.0593,0.6596,0.6623,0.6586,143.08,143.65,142.96,112.74,113.37,112.69,1.2688,1.2716,1.2647,0.6329,0.6359,0.6312
2020-02-26,1.0888,1.0909,1.0855,110.34,110.7,110.14,0.9762,0.9779,0.973,1.2911,1.3013,1.29,1.3308,1.3333,1.3269,0.8431,0.8443,0.8356,120.15,120.6,119.75,1.0632,1.0638,1.0599,0.6555,0.6607,0.6552,142.46,143.73,142.26,112.99,113.51,112.83,1.2604,1.271,1.2589,0.63,0.6329,0.6293
2020-02-27,1.098,1.1006,1.088,110.03,110.46,109.7,0.9708,0.9772,0.9675,1.2888,1.2947,1.2861,1.3363,1.3375,1.3314,0.8516,0.8543,0.843,120.81,121.05,119.96,1.0658,1.0673,1.0616,0.6583,0.6592,0.6544,141.81,142.55,141.39,113.29,113.56,112.95,1.2513,1.2614,1.2462,0.6311,0.6335,0.6284
2020-02-28,1.1038,1.1053,1.0951,107.98,109.68,107.51,0.9648,0.9696,0.9611,1.2821,1.2919,1.2727,1.3424,1.3465,1.3376,0.8608,0.8642,0.8522,119.19,120.67,118.4,1.065,1.0663,1.0585,0.6511,0.6586,0.6435,138.43,141.42,137.57,111.86,113.29,111.33,1.237,1.2496,1.2328,0.6246,0.6319,0.6193
2020-03-02,1.113,1.1184,1.1037,108.44,108.58,107.39,0.9604,0.9656,0.9545,1.276,1.2851,1.2742,1.333,1.344,1.3315,0.8718,0.8742,0.8595,120.69,120.75,118.63,1.0687,1.0707,1.0631,0.6522,0.6569,0.647,138.39,139.18,137.16,112.86,112.94,111.39,1.2257,1.2397,1.2195,0.6238,0.6279,0.6199
2020-03-03,1.1178,1.1212,1.1096,107.15,108.54,106.95,0.9567,0.9598,0.9519,1.2797,1.2844,1.274,1.3376,1.3386,1.3318,0.8733,0.8745,0.8682,119.79,120.95,119.54,1.0696,1.0711,1.0631,0.6591,0.6646,0.651,137.13,138.58,136.95,111.96,113.26,111.78,1.2243,1.2292,1.2204,0.6285,0.6326,0.6248
2020-03-04,1.1133,1.1186,1.1096,107.38,107.69,106.86,0.9568,0.9597,0.9533,1.2868,1.2872,1.277,1.3394,1.3432,1.3328,0.865,0.8745,0.865,119.53,120.14,119.08,1.065,1.0705,1.0621,0.6615,0.6629,0.6577,138.16,138.29,137.05,112.19,112.8,111.84,1.231,1.2321,1.2183,0.6286,0.6305,0.6266
2020-03-05,1.1233,1.1236,1.112,106.08,107.74,105.98,0.9458,0.9574,0.946,1.2958,1.297,1.2861,1.3407,1.3439,1.3381,0.8667,0.8679,0.8621,119.16,120,119.02,1.0626,1.0675,1.0616,0.6605,0.6638,0.6585,137.46,138.69,137.39,112.11,112.61,111.98,1.2258,1.234,1.2253,0.6301,0.6335,0.6281
2020-03-06,1.1315,1.1356,1.1213,105.22,106.35,105,0.9366,0.9468,0.9319,1.3013,1.305,1.2947,1.342,1.3439,1.3379,0.8692,0.8717,0.8653,119.05,119.43,118.72,1.0598,1.0631,1.0573,0.6637,0.6658,0.6585,136.91,137.75,136.46,112.28,112.86,111.96,1.2188,1.2263,1.2133,0.6358,0.6373,0.6294
2020-03-09,1.1454,1.1493,1.1336,102.22,104.59,101.21,0.9245,0.934,0.9192,1.3094,1.3201,1.3035,1.3626,1.3758,1.3516,0.8743,0.877,0.8657,117.1,118.71,115.95,1.059,1.0642,1.0509,0.6599,0.6686,0.6321,133.88,136.86,132.62,110.53,112.28,109.28,1.2106,1.2234,1.2035,0.6353,0.6449,0.603
2020-03-10,1.1288,1.1459,1.1286,105.32,105.34,102.02,0.9389,0.9399,0.9245,1.2903,1.3134,1.2895,1.3729,1.3797,1.3606,0.8748,0.8781,0.8681,118.87,119.37,116.81,1.0598,1.065,1.0575,0.649,0.6614,0.6464,135.87,137.26,133.72,112.12,112.49,110.16,1.2115,1.2234,1.2062,0.6259,0.636,0.6244
2020-03-11,1.1277,1.1366,1.1258,104.35,105.68,104.11,0.9374,0.9405,0.9325,1.2823,1.2977,1.2822,1.3768,1.378,1.368,0.8792,0.8841,0.8715,117.68,119.22,117.55,1.0571,1.0619,1.0571,0.6487,0.654,0.6481,133.81,136.58,133.82,111.27,112.5,111.18,1.202,1.2161,1.1996,0.627,0.6342,0.6257
2020-03-12,1.1181,1.1333,1.1056,105.34,106.07,103.1,0.9458,0.9553,0.9321,1.2581,1.2851,1.2492,1.3841,1.3898,1.3707,0.8883,0.8914,0.8774,117.76,118.3,116.3,1.0576,1.0619,1.0541,0.6318,0.6492,0.6268,132.5,134.31,131.35,111.3,111.85,110.26,1.1903,1.2061,1.1834,0.6145,0.628,0.6092
2020-03-13,1.1065,1.1221,1.1055,108.34,108.44,104.51,0.9566,0.957,0.9422,1.231,1.2625,1.2278,1.3915,1.3994,1.378,0.8985,0.9022,0.8843,119.89,120.01,116.9,1.0587,1.0619,1.0548,0.6143,0.6327,0.6122,133.39,134.32,131.26,113.22,113.38,110.62,1.1777,1.1935,1.1708,0.6037,0.6161,0.6018
2020-03-16,1.1155,1.1237,1.1077,106.39,107.57,105.15,0.9478,0.9536,0.9393,1.224,1.2431,1.2204,1.3974,1.4017,1.3733,0.9111,0.9152,0.8989,118.68,119.93,117.16,1.0573,1.0632,1.0536,0.6126,0.6306,0.608,130.23,133.06,128.92,112.22,113.38,111.13,1.1601,1.1779,1.1546,0.6056,0.6153,0.5986
2020-03-17,1.0996,1.1189,1.0956,107.65,107.87,105.87,0.9602,0.9649,0.9457,1.2074,1.2275,1.2004,1.4234,1.4276,1.3962,0.9104,0.9141,0.9065,118.4,119.65,117.3,1.0558,1.0617,1.0543,0.5987,0.6149,0.596,129.99,131.21,128.61,112.1,112.87,111.13,1.1593,1.1655,1.1567,0.5935,0.6096,0.5916
2020-03-18,1.0863,1.1045,1.0802,108.02,108.66,106.77,0.9697,0.975,0.9567,1.1581,1.213,1.1467,1.4541,1.4651,1.4181,0.9377,0.9429,0.9068,117.35,118.55,116.87,1.0536,1.0589,1.0528,0.5776,0.6028,0.5701,125.1,130.33,124.19,111.35,112.15,110.96,1.123,1.1651,1.1174,0.5747,0.5966,0.5696
2020-03-19,1.0672,1.0981,1.0655,110.63,110.83,107.89,0.986,0.9879,0.9638,1.1522,1.1792,1.1475,1.4508,1.4668,1.442,0.926,0.9502,0.9124,118.06,119.33,117.4,1.0525,1.0608,1.0522,0.577,0.5963,0.5511,127.47,129.57,124.29,112.16,113.04,111.49,1.1362,1.1542,1.1117,0.5731,0.5916,0.5471
2020-03-20,1.0641,1.0832,1.0639,111.18,111.51,109.33,0.9895,0.99,0.9744,1.158,1.1931,1.1414,1.4403,1.4538,1.415,0.9187,0.934,0.8996,118.31,119.33,117.4,1.053,1.0561,1.0523,0.5813,0.5986,0.5665,128.73,132.05,126.45,112.31,113.14,111.86,1.1458,1.1716,1.1274,0.5696,0.5882,0.5612
2020-03-23,1.0733,1.0827,1.0637,111.47,111.59,109.67,0.9835,0.9901,0.9791,1.1515,1.1715,1.1448,1.4519,1.4561,1.4336,0.9318,0.9389,0.9154,119.62,119.94,117.72,1.0554,1.0603,1.0528,0.579,0.5842,0.5701,128.33,129.53,127.39,113.26,113.57,111.49,1.1326,1.152,1.1247,0.5699,0.5739,0.5594
2020-03-24,1.0756,1.0889,1.0722,111.47,111.63,110.1,0.9833,0.9852,0.9718,1.1727,1.1801,1.151,1.4496,1.4534,1.4373,0.9168,0.9325,0.9146,119.9,120.53,118.82,1.0576,1.0603,1.0552,0.59,0.5976,0.5814,130.74,131.45,127.96,113.33,113.79,112.42,1.1534,1.1581,1.1329,0.5769,0.584,0.5691
2020-03-25,1.0867,1.0883,1.0761,111.28,111.69,110.76,0.978,0.9837,0.9769,1.1867,1.1974,1.164,1.4204,1.4482,1.4177,0.9156,0.9275,0.9055,120.93,121.04,119.52,1.0628,1.0639,1.0567,0.5957,0.6073,0.5931,132.03,133.42,129.9,113.74,113.99,112.85,1.1606,1.1721,1.1422,0.5829,0.5912,0.5788
2020-03-26,1.1032,1.1045,1.087,109.36,111.31,109.36,0.9629,0.9779,0.9622,1.2134,1.2183,1.1778,1.4048,1.4276,1.4008,0.9089,0.9275,0.9055,120.65,121.09,119.97,1.0623,1.0653,1.0613,0.6061,0.6072,0.587,132.69,133.49,130.57,113.54,114.02,112.9,1.1684,1.1737,1.1505,0.5969,0.5977,0.5777
2020-03-27,1.1106,1.1124,1.0955,107.87,109.72,107.83,0.9538,0.9656,0.9537,1.245,1.2455,1.2133,1.3955,1.4154,1.3955,0.8915,0.9096,0.8907,119.8,121,118.81,1.0591,1.0637,1.0563,0.6178,0.6188,0.6024,134.3,134.41,132.14,113.05,113.85,112.43,1.1875,1.1896,1.1679,0.6045,0.6059,0.5911
2020-03-30,1.1038,1.1144,1.1011,107.88,108.3,107.15,0.9592,0.9612,0.9502,1.239,1.2469,1.2318,1.4136,1.4184,1.4012,0.8906,0.8989,0.8868,119.06,120.03,118.8,1.0587,1.0622,1.0551,0.616,0.6184,0.6113,133.65,134.42,132.76,112.42,113.32,112.33,1.1884,1.1931,1.1777,0.6002,0.6064,0.5984
2020-03-31,1.1006,1.1055,1.0927,107.71,108.74,107.47,0.964,0.9687,0.9579,1.2414,1.2473,1.2256,1.4093,1.4349,1.4071,0.8864,0.8968,0.8813,118.52,119.71,118.19,1.0612,1.0624,1.056,0.6129,0.6213,0.608,133.71,134.61,133.18,111.68,113.08,111.47,1.1972,1.2033,1.1787,0.5948,0.6038,0.5909
2020-04-01,1.0925,1.104,1.0903,107.18,107.94,107.01,0.9676,0.9692,0.9602,1.2384,1.2443,1.233,1.4228,1.4272,1.4061,0.8817,0.8912,0.8786,117.09,118.89,116.95,1.0571,1.0615,1.0556,0.6069,0.6168,0.604,132.73,133.8,132.56,110.77,112.18,110.56,1.1982,1.2038,1.1874,0.5911,0.5986,0.588
2020-04-02,1.0828,1.0969,1.0821,107.86,108.1,107.03,0.9745,0.9752,0.965,1.2376,1.2476,1.2351,1.4198,1.43,1.4079,0.8746,0.8865,0.874,116.78,117.72,116.34,1.0551,1.0603,1.0544,0.6035,0.612,0.6008,133.5,133.89,132.54,110.64,111.21,110.3,1.206,1.2077,1.1941,0.5898,0.5974,0.5881
2020-04-03,1.0808,1.0863,1.0773,108.38,108.68,107.82,0.9764,0.9796,0.9727,1.2259,1.2412,1.2206,1.4143,1.4225,1.4093,0.8814,0.8835,0.8742,117.16,117.38,116.73,1.0554,1.0584,1.0542,0.5996,0.6076,0.598,132.88,134.1,132.55,111.01,111.24,110.64,1.1971,1.2087,1.1947,0.5859,0.5924,0.5843
2020-04-06,1.08,1.0836,1.0772,109.01,109.38,108.37,0.9778,0.9795,0.9761,1.2307,1.2327,1.2211,1.4117,1.4262,1.4085,0.8773,0.8856,0.8766,117.75,118.31,117.17,1.0561,1.0583,1.0548,0.6089,0.6107,0.5992,134.17,134.53,132.55,111.44,111.92,110.91,1.2035,1.2051,1.1935,0.5932,0.5963,0.5851
2020-04-07,1.0904,1.0926,1.0784,108.82,109.28,108.68,0.9691,0.9794,0.9687,1.2338,1.2385,1.217,1.3989,1.4143,1.3945,0.8836,0.8862,0.8801,118.66,119.05,117.52,1.0565,1.0596,1.0557,0.6194,0.6209,0.6076,134.27,134.98,132.97,112.26,112.49,111.26,1.1954,1.2019,1.1917,0.5988,0.6016,0.592
2020-04-08,1.0866,1.0903,1.083,108.8,109.1,108.51,0.9708,0.9743,0.9688,1.2395,1.242,1.2288,1.4034,1.4082,1.3986,0.8764,0.8839,0.8746,118.22,118.71,117.92,1.0549,1.0573,1.0546,0.6236,0.6242,0.6116,134.86,135.02,133.72,112.03,112.41,111.75,1.2033,1.2064,1.1949,0.6023,0.6031,0.5941
2020-04-09,1.0929,1.0952,1.0841,108.4,109.07,108.21,0.9659,0.9734,0.9648,1.2453,1.2483,1.2362,1.4015,1.4078,1.3929,0.8773,0.8788,0.8726,118.47,119.01,118.07,1.0556,1.0584,1.0548,0.6319,0.6356,0.6196,135,135.76,134.65,112.22,112.53,111.89,1.2028,1.2092,1.2018,0.6063,0.6094,0.5986
